source,neighborhood,title,price,url,scraped_at
KPC,Kilimani,Two Bedroom Apartments,KSh,https://kenyapropertycentre.com/for-sale/flats-apartments/nairobi/kilimani/59979-two-bedroom-apartments,2026-02-20
KPC,Kilimani,3 Bedroom Unfurnished,KSh,https://kenyapropertycentre.com/for-sale/flats-apartments/nairobi/kilimani/60050-3-bedroom-unfurnished,2026-02-20
KPC,Kilimani,2 Bedroom Plus Dsq Apartments,KSh,https://kenyapropertycentre.com/for-sale/flats-apartments/nairobi/kilimani/60058-2-bedroom-plus-dsq-apartments,2026-02-20
KPC,Kilimani,One Bedroom Apartments,KSh,https://kenyapropertycentre.com/for-sale/flats-apartments/nairobi/kilimani/60061-one-bedroom-apartments,2026-02-20
KPC,Kilimani,2 Bedroom Apartments : One Bathroom,KSh,https://kenyapropertycentre.com/for-sale/flats-apartments/nairobi/kilimani/60063-2-bedroom-apartments-one-bathroom,2026-02-20
KPC,Kilimani,2 Bedroom Apartments Of 80 Sqm,KSh,https://kenyapropertycentre.com/for-sale/flats-apartments/nairobi/kilimani/60064-2-bedroom-apartments-of-80-sqm,2026-02-20
KPC,Kilimani,Three Bedroom Apartments,KSh,https://kenyapropertycentre.com/for-sale/flats-apartments/nairobi/kilimani/60065-three-bedroom-apartments,2026-02-20
KPC,Kilimani,Ilu Green Garden,KSh,https://kenyapropertycentre.com/for-sale/flats-apartments/nairobi/kilimani/60223-ilu-green-garden,2026-02-20
KPC,Kilimani,Luxurious 2 Bedroom,KSh,https://kenyapropertycentre.com/for-sale/flats-apartments/nairobi/kilimani/60382-luxurious-2-bedroom,2026-02-20
KPC,Kilimani,Hot New Project Consisting Of 1 Bedroom Apartments,KSh,https://kenyapropertycentre.com/for-sale/flats-apartments/nairobi/kilimani/60446-hot-new-project-consisting-of-1-bedroom-apartments,2026-02-20
KPC,Kilimani,A Landmark Residential Development Redefining Mode,KSh,https://kenyapropertycentre.com/for-sale/flats-apartments/nairobi/kilimani/60681-a-landmark-residential-development-redefining-mode,2026-02-20
KPC,Kilimani,Elegant Modern Apartment,KSh,https://kenyapropertycentre.com/for-sale/flats-apartments/nairobi/kilimani/60682-elegant-modern-apartment,2026-02-20
KPC,Kilimani,Magnificent 4 Bedrooms Townhouse All Ensuite Plus Dsq,KSh,https://kenyapropertycentre.com/for-sale/houses/nairobi/kilimani/60712-magnificent-4-bedrooms-townhouse-all-ensuite-plus-dsq,2026-02-20
KPC,Kilimani,Furnished Modern 1 Bedroom Apartment,KSh,https://kenyapropertycentre.com/for-sale/flats-apartments/nairobi/kilimani/60238-furnished-modern-1-bedroom-apartment,2026-02-20
KPC,Kilimani,Luxurious Spacious Apartments,KSh,https://kenyapropertycentre.com/for-sale/flats-apartments/nairobi/kilimani/60985-luxurious-spacious-apartments,2026-02-20
KPC,Kilimani,1 Bedroom Apartments,KSh,https://kenyapropertycentre.com/for-sale/flats-apartments/nairobi/kilimani/61037-1-bedroom-apartments,2026-02-20
KPC,Kilimani,2bedroom Apartment,KSh,https://kenyapropertycentre.com/for-sale/flats-apartments/nairobi/kilimani/61098-2bedroom-apartment,2026-02-20
KPC,Kilimani,Luxurious 2 Bedrooms With Modern Finishings,KSh,https://kenyapropertycentre.com/for-sale/flats-apartments/nairobi/kilimani/47371-luxurious-2-bedrooms-with-modern-finishings,2026-02-20
KPC,Kilimani,Infinity Towers 1 Bedroom Offplan,$,https://kenyapropertycentre.com/for-sale/flats-apartments/nairobi/kilimani/52687-infinity-towers-1-bedroom-offplan,2026-02-20
KPC,Kilimani,3 Bedroom Apartment,KSh,https://kenyapropertycentre.com/for-sale/flats-apartments/nairobi/kilimani/39708-3-bedroom-apartment,2026-02-20
KPC,Kileleshwa,New Residential Tower.,KSh,https://kenyapropertycentre.com/for-sale/flats-apartments/nairobi/kileleshwa/61082-new-residential-tower,2026-02-20
KPC,Kileleshwa,Upper Hill 2 Bedroom Apartments,KSh,https://kenyapropertycentre.com/for-sale/flats-apartments/nairobi/kileleshwa/61058-upper-hill-2-bedroom-apartments,2026-02-20
KPC,Kileleshwa,Lesonia 1 Bedroom Apartment,KSh,https://kenyapropertycentre.com/for-sale/flats-apartments/nairobi/kileleshwa/61022-lesonia-1-bedroom-apartment,2026-02-20
KPC,Kileleshwa,Two Bedrooms Apartment,KSh,https://kenyapropertycentre.com/for-sale/flats-apartments/nairobi/kileleshwa/61021-two-bedrooms-apartment,2026-02-20
KPC,Kileleshwa,2 Bedrooms Master En-Suite,KSh,https://kenyapropertycentre.com/for-sale/flats-apartments/nairobi/kileleshwa/60990-2-bedrooms-master-en-suite,2026-02-20
KPC,Kileleshwa,4 Bedrooms + Dsq Maisonette,KSh,https://kenyapropertycentre.com/for-sale/houses/townhouses/nairobi/kileleshwa/60970-4-bedrooms-dsq-maisonette,2026-02-20
KPC,Kileleshwa,2 Bedrooms Apartment,KSh,https://kenyapropertycentre.com/for-sale/flats-apartments/nairobi/kileleshwa/60914-2-bedrooms-apartment,2026-02-20
KPC,Kileleshwa,1 Bedroom Apartment,KSh,https://kenyapropertycentre.com/for-sale/flats-apartments/nairobi/kileleshwa/60913-1-bedroom-apartment,2026-02-20
KPC,Kileleshwa,Executive Studio Apartments,KSh,https://kenyapropertycentre.com/for-sale/flats-apartments/nairobi/kileleshwa/60912-executive-studio-apartments,2026-02-20
KPC,Kileleshwa,A Higher Floor 3 Bedrooms + Dsq Apartment With Unobstructed Views On 203sqm,KSh,https://kenyapropertycentre.com/for-sale/flats-apartments/nairobi/kileleshwa/60882-a-higher-floor-3-bedrooms-dsq-apartment-with-unobstructed-views-on-203sqm,2026-02-20
KPC,Kileleshwa,Exquisite 5 Bedroom House All Ensuite Plus Dsq,KSh,https://kenyapropertycentre.com/for-sale/houses/nairobi/kileleshwa/60719-exquisite-5-bedroom-house-all-ensuite-plus-dsq,2026-02-20
KPC,Kileleshwa,3 Bedroom Apartment,KSh,https://kenyapropertycentre.com/for-sale/flats-apartments/nairobi/kileleshwa/60674-3-bedroom-apartment,2026-02-20
KPC,Kileleshwa,Income Generating 2 Blocks Of Fully Furnished Apartments,KSh,https://kenyapropertycentre.com/for-sale/commercial/nairobi/kileleshwa/60621-income-generating-2-blocks-of-fully-furnished-apartments,2026-02-20
KPC,Kileleshwa,Exquisite 4 Bedrooms All Ensuite Duplex Plus Dsq,KSh,https://kenyapropertycentre.com/for-sale/houses/nairobi/kileleshwa/60615-exquisite-4-bedrooms-all-ensuite-duplex-plus-dsq,2026-02-20
KPC,Kileleshwa,Exquisite 3 Bedroom All Ensuite Apartment Plus Dsq,KSh,https://kenyapropertycentre.com/for-sale/flats-apartments/nairobi/kileleshwa/60614-exquisite-3-bedroom-all-ensuite-apartment-plus-dsq,2026-02-20
KPC,Kileleshwa,Exquisite 3 Bedroom Apartment Master Ensuite Plus Dsq,KSh,https://kenyapropertycentre.com/for-sale/flats-apartments/nairobi/kileleshwa/60613-exquisite-3-bedroom-apartment-master-ensuite-plus-dsq,2026-02-20
KPC,Kileleshwa,Exquisite 2 Bedroom Apartment Master Ensuite Plus Dsq,KSh,https://kenyapropertycentre.com/for-sale/flats-apartments/nairobi/kileleshwa/60612-exquisite-2-bedroom-apartment-master-ensuite-plus-dsq,2026-02-20
KPC,Kileleshwa,Spacious 4 Bedroom Apartment Plus Dsq,KSh,https://kenyapropertycentre.com/for-sale/flats-apartments/nairobi/kileleshwa/60500-spacious-4-bedroom-apartment-plus-dsq,2026-02-20
KPC,Kileleshwa,5 Bedrooms Duplex,KSh,https://kenyapropertycentre.com/for-sale/flats-apartments/nairobi/kileleshwa/60481-5-bedrooms-duplex,2026-02-20
KPC,Kileleshwa,4 Bedrooms Apartments,KSh,https://kenyapropertycentre.com/for-sale/flats-apartments/nairobi/kileleshwa/60358-4-bedrooms-apartments,2026-02-20
KPC,Lavington,8 Exclusive Boutique Villas In The Heart Of Lavington,KSh,https://kenyapropertycentre.com/for-sale/houses/nairobi/lavington/61100-8-exclusive-boutique-villas-in-the-heart-of-lavington,2026-02-20
KPC,Lavington,"An Excellent 5 Bedrooms Townhouse, All Ensuite Plus 2 Dsq + 2 Offices",KSh,https://kenyapropertycentre.com/for-sale/houses/nairobi/lavington/61064-an-excellent-5-bedrooms-townhouse-all-ensuite-plus-2-dsq-2-offices,2026-02-20
KPC,Lavington,"8 Exclusive Boutique Villas, 5 Bedrooms",KSh,https://kenyapropertycentre.com/for-sale/houses/nairobi/lavington/61017-8-exclusive-boutique-villas-5-bedrooms,2026-02-20
KPC,Lavington,5 Bedroom All En-Suite Townhouse,KSh,https://kenyapropertycentre.com/for-sale/houses/townhouses/nairobi/lavington/60965-5-bedroom-all-en-suite-townhouse,2026-02-20
KPC,Lavington,Ultra-Luxury 5 Bedrooms Villas,KSh,https://kenyapropertycentre.com/for-sale/houses/nairobi/lavington/60919-ultra-luxury-5-bedrooms-villas,2026-02-20
KPC,Lavington,"An Excellent Spacious 4 Bedrooms, All Ensuite Plus Dsq",KSh,https://kenyapropertycentre.com/for-sale/flats-apartments/nairobi/lavington/60895-an-excellent-spacious-4-bedrooms-all-ensuite-plus-dsq,2026-02-20
KPC,Lavington,Luxurious 5 Bedrooms,KSh,https://kenyapropertycentre.com/for-sale/houses/nairobi/lavington/60894-luxurious-5-bedrooms,2026-02-20
KPC,Lavington,An Elegant Spacious 2 Bedroom Master Ensuite,KSh,https://kenyapropertycentre.com/for-sale/flats-apartments/nairobi/lavington/60890-an-elegant-spacious-2-bedroom-master-ensuite,2026-02-20
KPC,Lavington,1 Bedroom Apartment,KSh,https://kenyapropertycentre.com/for-sale/flats-apartments/nairobi/lavington/60872-1-bedroom-apartment,2026-02-20
KPC,Lavington,An Amazing Spacious 1 Bedroom,KSh,https://kenyapropertycentre.com/for-sale/flats-apartments/nairobi/lavington/60840-an-amazing-spacious-1-bedroom,2026-02-20
KPC,Lavington,Luxury 5 Bedroom Villa All Ensuite Plus Dsq Quarter Acre,KSh,https://kenyapropertycentre.com/for-sale/houses/nairobi/lavington/60725-luxury-5-bedroom-villa-all-ensuite-plus-dsq-quarter-acre,2026-02-20
KPC,Lavington,Magnificent 4 Bedroom Villa All Ensuite Plus Dsq,KSh,https://kenyapropertycentre.com/for-sale/houses/nairobi/lavington/60723-magnificent-4-bedroom-villa-all-ensuite-plus-dsq,2026-02-20
KPC,Lavington,Elegant 5 Bedroom House All Ensuite Plus Dsq On Quarter Acre,KSh,https://kenyapropertycentre.com/for-sale/houses/nairobi/lavington/60721-elegant-5-bedroom-house-all-ensuite-plus-dsq-on-quarter-acre,2026-02-20
KPC,Lavington,Exquisite 5 Bedroom House All Ensuite Plus Dsq,KSh,https://kenyapropertycentre.com/for-sale/houses/nairobi/lavington/60720-exquisite-5-bedroom-house-all-ensuite-plus-dsq,2026-02-20
KPC,Lavington,"Elegant 5 Bedrooms Townhouse, All Ensuite Plus Dsq",KSh,https://kenyapropertycentre.com/for-sale/houses/nairobi/lavington/60713-elegant-5-bedrooms-townhouse-all-ensuite-plus-dsq,2026-02-20
KPC,Lavington,An Excellent Spacious 5 Bedrooms All Ensuite Plus Dsq + Study Room,KSh,https://kenyapropertycentre.com/for-sale/flats-apartments/nairobi/lavington/60706-an-excellent-spacious-5-bedrooms-all-ensuite-plus-dsq-study-room,2026-02-20
KPC,Lavington,Luxurious 5 Bedrooms,KSh,https://kenyapropertycentre.com/for-sale/houses/nairobi/lavington/60692-luxurious-5-bedrooms,2026-02-20
KPC,Lavington,Income Generating 2 Block Apartments On 3/4 Acre,KSh,https://kenyapropertycentre.com/for-sale/commercial/nairobi/lavington/60628-income-generating-2-block-apartments-on-34-acre,2026-02-20
KPC,Lavington,Prime 2.5acres With An Old House,KSh,https://kenyapropertycentre.com/for-sale/commercial/nairobi/lavington/60625-prime-25acres-with-an-old-house,2026-02-20
KPC,Lavington,Prime One Acre With An Old House,KSh,https://kenyapropertycentre.com/for-sale/commercial/nairobi/lavington/60624-prime-one-acre-with-an-old-house,2026-02-20
KPC,Karen,"Elegant 4 Bedrooms Home, All Ensuite With Dsq And On Half Acre",KSh,https://kenyapropertycentre.com/for-sale/houses/nairobi/karen/60899-elegant-4-bedrooms-home-all-ensuite-with-dsq-and-on-half-acre,2026-02-20
KPC,Karen,"Amazing 4 Bedrooms Home, All Ensuite With Dsq On Half Acre",KSh,https://kenyapropertycentre.com/for-sale/houses/nairobi/karen/60900-amazing-4-bedrooms-home-all-ensuite-with-dsq-on-half-acre,2026-02-20
KPC,Karen,Standalone 4 Bedrooms Home All Ensuite With Dsq On Half Acre,KSh,https://kenyapropertycentre.com/for-sale/houses/nairobi/karen/60901-standalone-4-bedrooms-home-all-ensuite-with-dsq-on-half-acre,2026-02-20
KPC,Karen,"Elegant 4 Bedrooms Home, All Ensuite With Dsq On Half Acre",KSh,https://kenyapropertycentre.com/for-sale/houses/nairobi/karen/60902-elegant-4-bedrooms-home-all-ensuite-with-dsq-on-half-acre,2026-02-20
KPC,Karen,"Elegant 4 Bedrooms Home, All Ensuite With Dsq And On Half Acre",KSh,https://kenyapropertycentre.com/for-sale/houses/nairobi/karen/60904-elegant-4-bedrooms-home-all-ensuite-with-dsq-and-on-half-acre,2026-02-20
KPC,Karen,Amazing 4 Bedrooms Home All Ensuite With Dsq On Half Acre,KSh,https://kenyapropertycentre.com/for-sale/houses/nairobi/karen/60905-amazing-4-bedrooms-home-all-ensuite-with-dsq-on-half-acre,2026-02-20
KPC,Karen,"Standalone 4 Bedrooms Home, All Ensuite With Dsq On Half Acre",KSh,https://kenyapropertycentre.com/for-sale/houses/nairobi/karen/60906-standalone-4-bedrooms-home-all-ensuite-with-dsq-on-half-acre,2026-02-20
KPC,Karen,"Elegant 4 Bedrooms Home, All Ensuite With Dsq On Half Acre",KSh,https://kenyapropertycentre.com/for-sale/houses/nairobi/karen/60907-elegant-4-bedrooms-home-all-ensuite-with-dsq-on-half-acre,2026-02-20
KPC,Karen,4 Bedrooms All Ensuite House,KSh,https://kenyapropertycentre.com/for-sale/houses/nairobi/karen/60945-4-bedrooms-all-ensuite-house,2026-02-20
KPC,Karen,Elegant 4 Bedrooms Home All Ensuite With Dsq And On Half Acre,KSh,https://kenyapropertycentre.com/for-sale/houses/nairobi/karen/60956-elegant-4-bedrooms-home-all-ensuite-with-dsq-and-on-half-acre,2026-02-20
KPC,Karen,"Amazing 4 Bedrooms Home, All Ensuite With Dsq On Half Acre",KSh,https://kenyapropertycentre.com/for-sale/houses/nairobi/karen/60957-amazing-4-bedrooms-home-all-ensuite-with-dsq-on-half-acre,2026-02-20
KPC,Karen,"Standalone 4 Bedrooms Home, All Ensuite With Dsq On Half Acre",KSh,https://kenyapropertycentre.com/for-sale/houses/nairobi/karen/60958-standalone-4-bedrooms-home-all-ensuite-with-dsq-on-half-acre,2026-02-20
KPC,Karen,"Elegant 4 Bedrooms Home, All Ensuite With Dsq On Half Acre",KSh,https://kenyapropertycentre.com/for-sale/houses/nairobi/karen/60959-elegant-4-bedrooms-home-all-ensuite-with-dsq-on-half-acre,2026-02-20
KPC,Karen,"Elegant 4 Bedroom Home, All Ensuite With Dsq And On Half Acre",KSh,https://kenyapropertycentre.com/for-sale/houses/nairobi/karen/60963-elegant-4-bedroom-home-all-ensuite-with-dsq-and-on-half-acre,2026-02-20
KPC,Karen,"Amazing 4 Bedrooms Home, All Ensuite With Dsq On Half Acre",KSh,https://kenyapropertycentre.com/for-sale/houses/nairobi/karen/60964-amazing-4-bedrooms-home-all-ensuite-with-dsq-on-half-acre,2026-02-20
KPC,Karen,"Standalone 4 Bedrooms Home, All Ensuite With Dsq On Half Acre",KSh,https://kenyapropertycentre.com/for-sale/houses/nairobi/karen/60966-standalone-4-bedrooms-home-all-ensuite-with-dsq-on-half-acre,2026-02-20
KPC,Karen,"Elegant 4 Bedrooms Home, All Ensuite With Dsq On Half Acre",KSh,https://kenyapropertycentre.com/for-sale/houses/nairobi/karen/60967-elegant-4-bedrooms-home-all-ensuite-with-dsq-on-half-acre,2026-02-20
KPC,Karen,"5-Bedroom House With Sq Sits On Half An Acre In Karen, Hardy Ndovu Rd.",KSh,https://kenyapropertycentre.com/for-sale/houses/townhouses/nairobi/karen/61086-5-bedroom-house-with-sq-sits-on-half-an-acre-in-karen-hardy-ndovu-rd,2026-02-20
KPC,Karen,5.5 Acre Karen Along Nandi Road Price: 100m Per Acre. Contact,KSh,https://kenyapropertycentre.com/for-sale/land/mixed-use-land/nairobi/karen/61089-55-acre-karen-along-nandi-road-price-100m-per-acre-contact,2026-02-20
KPC,Karen,Luxurious Karen Villas,$,https://kenyapropertycentre.com/for-sale/houses/semi-detached-duplexes/nairobi/karen/51318-luxurious-karen-villas,2026-02-20
KPC,Westlands,Luxurious 4 Bedrooms Home All Ensuite With Dsq,KSh,https://kenyapropertycentre.com/for-sale/houses/nairobi/westlands/runda/60752-luxurious-4-bedrooms-home-all-ensuite-with-dsq,2026-02-20
KPC,Westlands,5 Acres With 4 Bedroom Old Colonial Home Plus Dsq,KSh,https://kenyapropertycentre.com/for-sale/land/nairobi/westlands/60836-5-acres-with-4-bedroom-old-colonial-home-plus-dsq,2026-02-20
KPC,Westlands,5-Bedroom Townhouse,KSh,https://kenyapropertycentre.com/for-sale/houses/townhouses/nairobi/westlands/60215-5-bedroom-townhouse,2026-02-20
KPC,Westlands,Two Bedroom Apartments,KSh,https://kenyapropertycentre.com/for-sale/flats-apartments/nairobi/westlands/60856-two-bedroom-apartments,2026-02-20
KPC,Westlands,Marina Bay Phase 3 Apartments In Westlands,KSh,https://kenyapropertycentre.com/for-sale/flats-apartments/self-contained/nairobi/westlands/60857-marina-bay-phase-3-apartments-in-westlands,2026-02-20
KPC,Westlands,3 Bedroom + Dsq Apartment,KSh,https://kenyapropertycentre.com/for-sale/flats-apartments/nairobi/westlands/60893-3-bedroom-dsq-apartment,2026-02-20
KPC,Westlands,4 Bedrooms Masterpiece Villas,KSh,https://kenyapropertycentre.com/for-sale/houses/townhouses/nairobi/westlands/loresho/60909-4-bedrooms-masterpiece-villas,2026-02-20
KPC,Westlands,4 Bedrooms Luxury Apartments,KSh,https://kenyapropertycentre.com/for-sale/flats-apartments/nairobi/westlands/loresho/60910-4-bedrooms-luxury-apartments,2026-02-20
KPC,Westlands,5 Bedrooms Plus Dsq Townhouse,KSh,https://kenyapropertycentre.com/for-sale/houses/townhouses/nairobi/westlands/runda/60933-5-bedrooms-plus-dsq-townhouse,2026-02-20
KPC,Westlands,Luxury One Bedroom,KSh,https://kenyapropertycentre.com/for-sale/flats-apartments/nairobi/westlands/60944-luxury-one-bedroom,2026-02-20
KPC,Westlands,"Luxurious 4 Bedroom Home, All Ensuite With Dsq",KSh,https://kenyapropertycentre.com/for-sale/houses/nairobi/westlands/runda/60955-luxurious-4-bedroom-home-all-ensuite-with-dsq,2026-02-20
KPC,Westlands,Executive 4 Bedrooms All Ensuite Home Dsq On Quarter Acre,KSh,https://kenyapropertycentre.com/for-sale/houses/nairobi/westlands/loresho/60961-executive-4-bedrooms-all-ensuite-home-dsq-on-quarter-acre,2026-02-20
KPC,Westlands,"Luxurious 4 Bedrooms Home, All Ensuite With Dsq",KSh,https://kenyapropertycentre.com/for-sale/houses/nairobi/westlands/runda/60962-luxurious-4-bedrooms-home-all-ensuite-with-dsq,2026-02-20
KPC,Westlands,1 Acre For Development,KSh,https://kenyapropertycentre.com/for-sale/land/residential-land/nairobi/westlands/runda/60979-1-acre-for-development,2026-02-20
KPC,Westlands,Luxurious 6 Bedrooms,KSh,https://kenyapropertycentre.com/for-sale/houses/nairobi/westlands/runda/60987-luxurious-6-bedrooms,2026-02-20
KPC,Westlands,Executive 1 Bedroom Apartment,KSh,https://kenyapropertycentre.com/for-sale/flats-apartments/nairobi/westlands/60992-executive-1-bedroom-apartment,2026-02-20
KPC,Westlands,Executive 2 Bedrooms Apartment,KSh,https://kenyapropertycentre.com/for-sale/flats-apartments/nairobi/westlands/60993-executive-2-bedrooms-apartment,2026-02-20
KPC,Westlands,Ambassadorial 4 Bedroom + Guest Wing,KSh,https://kenyapropertycentre.com/for-sale/houses/nairobi/westlands/runda/61036-ambassadorial-4-bedroom-guest-wing,2026-02-20
KPC,Westlands,1 Bedroom Apartment In Westlands,KSh,https://kenyapropertycentre.com/for-sale/flats-apartments/nairobi/westlands/61072-1-bedroom-apartment-in-westlands,2026-02-20
KPC,Westlands,2 & 3 Bedroom Apartments In Westlands,KSh,https://kenyapropertycentre.com/for-sale/flats-apartments/nairobi/westlands/61080-2-3-bedroom-apartments-in-westlands,2026-02-20
KPC,Runda,Prime 0.62 Acre Freehold Land,KSh,https://kenyapropertycentre.com/for-sale/land/mixed-use-land/nairobi/riruta/61048-prime-062-acre-freehold-land,2026-02-20
KPC,Runda,5 Bedrooms House Plus Dsq,KSh,https://kenyapropertycentre.com/for-sale/houses/townhouses/nairobi/roysambu/61034-5-bedrooms-house-plus-dsq,2026-02-20
KPC,Runda,Luxurious 2 Bedrooms,KSh,https://kenyapropertycentre.com/for-sale/flats-apartments/nairobi/muthaiga/25111-luxurious-2-bedrooms,2026-02-20
KPC,Muthaiga,4 Bedroom Old Colonial House On 2 Acres .,KSh,https://kenyapropertycentre.com/for-sale/houses/nairobi/muthaiga/58704-4-bedroom-old-colonial-house-on-2-acres,2026-02-20
KPC,Muthaiga,4 Bedroom House All Ensuite And Guest/Dsq On 2 Acres.,KSh,https://kenyapropertycentre.com/for-sale/houses/nairobi/muthaiga/58707-4-bedroom-house-all-ensuite-and-guestdsq-on-2-acres,2026-02-20
KPC,Muthaiga,7 Bedroom House All Ensuite Plus Dsq On 1 Acre.,KSh,https://kenyapropertycentre.com/for-sale/houses/nairobi/muthaiga/58709-7-bedroom-house-all-ensuite-plus-dsq-on-1-acre,2026-02-20
KPC,Muthaiga,6 Bedroom House,KSh,https://kenyapropertycentre.com/for-sale/houses/nairobi/muthaiga/muthaiga-north/59784-6-bedroom-house,2026-02-20
KPC,Muthaiga,6 Bedroom House Plus Dsq,KSh,https://kenyapropertycentre.com/for-sale/houses/nairobi/muthaiga/muthaiga-north/60046-6-bedroom-house-plus-dsq,2026-02-20
KPC,Muthaiga,Rustic 5 Bedrooms House On 0.9 Acres,KSh,https://kenyapropertycentre.com/for-sale/houses/nairobi/muthaiga/old-muthaiga/60502-rustic-5-bedrooms-house-on-09-acres,2026-02-20
KPC,Muthaiga,5 Bedroom Home All Ensuite With Dsq On Half Acre,KSh,https://kenyapropertycentre.com/for-sale/houses/nairobi/muthaiga/muthaiga-north/60767-5-bedroom-home-all-ensuite-with-dsq-on-half-acre,2026-02-20
KPC,Muthaiga,Amazing 4 Bedrooms Home With 2 Dsq Office Pool On 1 Acre,KSh,https://kenyapropertycentre.com/for-sale/houses/nairobi/muthaiga/old-muthaiga/60768-amazing-4-bedrooms-home-with-2-dsq-office-pool-on-1-acre,2026-02-20
KPC,Muthaiga,4 Bedroom House With 3dsq Office Garage On 2.2acres,KSh,https://kenyapropertycentre.com/for-sale/houses/nairobi/muthaiga/old-muthaiga/60769-4-bedroom-house-with-3dsq-office-garage-on-22acres,2026-02-20
KPC,Muthaiga,4 Bedroom Old Colonial House On 2 Acres,KSh,https://kenyapropertycentre.com/for-sale/houses/nairobi/muthaiga/old-muthaiga/60770-4-bedroom-old-colonial-house-on-2-acres,2026-02-20
KPC,Muthaiga,Contemporary 5 Bedrooms House With 3 Dsq On Half Acre,KSh,https://kenyapropertycentre.com/for-sale/houses/nairobi/muthaiga/old-muthaiga/60772-contemporary-5-bedrooms-house-with-3-dsq-on-half-acre,2026-02-20
KPC,Muthaiga,4 Bedrooms House All Ensuite And Guest / Dsq On 2 Acres,KSh,https://kenyapropertycentre.com/for-sale/houses/nairobi/muthaiga/old-muthaiga/60773-4-bedrooms-house-all-ensuite-and-guest-dsq-on-2-acres,2026-02-20
KPC,Muthaiga,5 Bedroom Ambassadorial Home All Ensuite On 2.8acres,KSh,https://kenyapropertycentre.com/for-sale/houses/nairobi/muthaiga/old-muthaiga/60774-5-bedroom-ambassadorial-home-all-ensuite-on-28acres,2026-02-20
KPC,Muthaiga,7 Bedroom House All Ensuite Plus Dsq On 1 Acre,KSh,https://kenyapropertycentre.com/for-sale/houses/nairobi/muthaiga/new-muthaiga/60775-7-bedroom-house-all-ensuite-plus-dsq-on-1-acre,2026-02-20
KPC,Muthaiga,2.2acres With 4 Bedroom House,KSh,https://kenyapropertycentre.com/for-sale/land/nairobi/muthaiga/old-muthaiga/60822-22acres-with-4-bedroom-house,2026-02-20
KPC,Muthaiga,Prime 3 Acres Land With Stone Perimeter Touching Tarmac,KSh,https://kenyapropertycentre.com/for-sale/land/nairobi/muthaiga/60823-prime-3-acres-land-with-stone-perimeter-touching-tarmac,2026-02-20
KPC,Muthaiga,Prime 2 Acres With 4 Bedrooms Old Colonial House,KSh,https://kenyapropertycentre.com/for-sale/land/nairobi/muthaiga/old-muthaiga/60826-prime-2-acres-with-4-bedrooms-old-colonial-house,2026-02-20
KPC,Muthaiga,2.8acres With 5 Bedroom Ambassadorial Home All Ensuite,KSh,https://kenyapropertycentre.com/for-sale/land/nairobi/muthaiga/old-muthaiga/60829-28acres-with-5-bedroom-ambassadorial-home-all-ensuite,2026-02-20
KPC,Muthaiga,Prime 2acres With 4 Bedroom House All Ensuite With Dsq,KSh,https://kenyapropertycentre.com/for-sale/land/nairobi/muthaiga/old-muthaiga/60830-prime-2acres-with-4-bedroom-house-all-ensuite-with-dsq,2026-02-20
KPC,Spring Valley,5 Bedroom Villas,KSh,https://kenyapropertycentre.com/for-sale/houses/townhouses/nairobi/spring-valley/48789-5-bedroom-villas,2026-02-20
KPC,Spring Valley,Four Bedroom Plus Dsq Townhouse In Spring Valley,KSh,https://kenyapropertycentre.com/for-sale/houses/townhouses/nairobi/spring-valley/51352-four-bedroom-plus-dsq-townhouse-in-spring-valley,2026-02-20
KPC,Spring Valley,4 Bedroom Apartment Ensuite With Dsq,KSh,https://kenyapropertycentre.com/for-sale/flats-apartments/nairobi/spring-valley/52344-4-bedroom-apartment-ensuite-with-dsq,2026-02-20
KPC,Spring Valley,3 Bedroom + Dsq Townhouse,KSh,https://kenyapropertycentre.com/for-sale/houses/terraced-duplexes/nairobi/spring-valley/52600-3-bedroom-dsq-townhouse,2026-02-20
KPC,Spring Valley,4 Bedroom House On 2.7 Acre Plot,KSh,https://kenyapropertycentre.com/for-sale/houses/detached-bungalows/nairobi/spring-valley/54643-4-bedroom-house-on-27-acre-plot,2026-02-20
KPC,Spring Valley,Stunning 6 Bedroom House With A 2 Bedroom Guest House,KSh,https://kenyapropertycentre.com/for-sale/houses/detached-duplexes/nairobi/spring-valley/57121-stunning-6-bedroom-house-with-a-2-bedroom-guest-house,2026-02-20
KPC,Spring Valley,5 Bedrooms Plus Dsq Townhouse,KSh,https://kenyapropertycentre.com/for-sale/houses/townhouses/nairobi/spring-valley/60927-5-bedrooms-plus-dsq-townhouse,2026-02-20
KPC,Spring Valley,"4 Bedrooms Apartments, Sq",KSh,https://kenyapropertycentre.com/for-sale/flats-apartments/nairobi/spring-valley/22896-4-bedrooms-apartments-sq,2026-02-20
KPC,Spring Valley,Magnificent 5 Bedroom,KSh,https://kenyapropertycentre.com/for-sale/houses/townhouses/nairobi/spring-valley/30695-magnificent-5-bedroom,2026-02-20
KPC,Spring Valley,4 Bedroom Spacious Villa,KSh,https://kenyapropertycentre.com/for-sale/houses/townhouses/nairobi/spring-valley/37034-4-bedroom-spacious-villa,2026-02-20
KPC,Spring Valley,Luxury 5 Bedroom All Ensuite In A Gated Community,KSh,https://kenyapropertycentre.com/for-sale/houses/nairobi/spring-valley/44382-luxury-5-bedroom-all-ensuite-in-a-gated-community,2026-02-20
KPC,Spring Valley,Luxurious 5 Bedroom,KSh,https://kenyapropertycentre.com/for-sale/houses/nairobi/spring-valley/51440-luxurious-5-bedroom,2026-02-20
KPC,Spring Valley,Luxurious 5 Bedrooms,KSh,https://kenyapropertycentre.com/for-sale/houses/nairobi/spring-valley/51811-luxurious-5-bedrooms,2026-02-20
KPC,Spring Valley,Luxurious 4 Bedroom,KSh,https://kenyapropertycentre.com/for-sale/flats-apartments/nairobi/spring-valley/51849-luxurious-4-bedroom,2026-02-20
KPC,Spring Valley,Luxurious 4 Bedroom,KSh,https://kenyapropertycentre.com/for-sale/flats-apartments/nairobi/spring-valley/51850-luxurious-4-bedroom,2026-02-20
KPC,Spring Valley,Luxurious 8 Bedroom,KSh,https://kenyapropertycentre.com/for-sale/flats-apartments/nairobi/spring-valley/51851-luxurious-8-bedroom,2026-02-20
KPC,Spring Valley,Luxurious 5 Bedrooms,KSh,https://kenyapropertycentre.com/for-sale/houses/nairobi/spring-valley/51869-luxurious-5-bedrooms,2026-02-20
KPC,Spring Valley,4 Bedrooms High End Apartments & Garden Villas,KSh,https://kenyapropertycentre.com/for-sale/flats-apartments/nairobi/spring-valley/54020-4-bedrooms-high-end-apartments-garden-villas,2026-02-20
KPC,Spring Valley,5 Bedroom Townhouse,KSh,https://kenyapropertycentre.com/for-sale/houses/townhouses/nairobi/spring-valley/60104-5-bedroom-townhouse,2026-02-20
KPC,Spring Valley,Modern 5 Bedrooms Triplex Townhouse,KSh,https://kenyapropertycentre.com/for-sale/houses/townhouses/nairobi/spring-valley/60935-modern-5-bedrooms-triplex-townhouse,2026-02-20
KPC,Kitisuru,Luxury Duplexes & Exclusive Penthouses 2 Bedrooms Duplexes,KSh,https://kenyapropertycentre.com/for-sale/flats-apartments/nairobi/kitisuru/58035-luxury-duplexes-exclusive-penthouses-2-bedrooms-duplexes,2026-02-20
KPC,Kitisuru,Amazing Studio Apartment Touching Kirawa Road In Kihingo Kitisuru.,KSh,https://kenyapropertycentre.com/for-sale/flats-apartments/nairobi/kitisuru/58318-amazing-studio-apartment-touching-kirawa-road-in-kihingo-kitisuru,2026-02-20
KPC,Kitisuru,"Luxurious 2 Bedroom Apartment Master Ensuite In Kibichiku, Kitisuru.",KSh,https://kenyapropertycentre.com/for-sale/flats-apartments/nairobi/kitisuru/58330-luxurious-2-bedroom-apartment-master-ensuite-in-kibichiku-kitisuru,2026-02-20
KPC,Kitisuru,"Luxurious 3 Bedroom Apartment Master Ensuite In Kibichiku, Kitisuru",KSh,https://kenyapropertycentre.com/for-sale/flats-apartments/nairobi/kitisuru/58331-luxurious-3-bedroom-apartment-master-ensuite-in-kibichiku-kitisuru,2026-02-20
KPC,Kitisuru,New 6 Bedrooms All Ensuite Ambassadorial Home With Pool,KSh,https://kenyapropertycentre.com/for-sale/houses/nairobi/kitisuru/58405-new-6-bedrooms-all-ensuite-ambassadorial-home-with-pool,2026-02-20
KPC,Kitisuru,Amazing One Bedroom Apartment,KSh,https://kenyapropertycentre.com/for-sale/flats-apartments/nairobi/kitisuru/59519-amazing-one-bedroom-apartment,2026-02-20
KPC,Kitisuru,Amazing 1 Bedroom Apartment Ensuite,KSh,https://kenyapropertycentre.com/for-sale/flats-apartments/nairobi/kitisuru/59842-amazing-1-bedroom-apartment-ensuite,2026-02-20
KPC,Kitisuru,Amazing 2 Bedroom Apartment Master Ensuite,KSh,https://kenyapropertycentre.com/for-sale/flats-apartments/nairobi/kitisuru/59843-amazing-2-bedroom-apartment-master-ensuite,2026-02-20
KPC,Kitisuru,Amazing 1 Bedroom Apartment Ensuite,KSh,https://kenyapropertycentre.com/for-sale/flats-apartments/nairobi/kitisuru/59847-amazing-1-bedroom-apartment-ensuite,2026-02-20
KPC,Kitisuru,Amazing 2 Bedroom Apartment Master Ensuite,KSh,https://kenyapropertycentre.com/for-sale/flats-apartments/nairobi/kitisuru/59848-amazing-2-bedroom-apartment-master-ensuite,2026-02-20
KPC,Kitisuru,Amazing 1 Bedroom Apartment Ensuite,KSh,https://kenyapropertycentre.com/for-sale/flats-apartments/nairobi/kitisuru/59852-amazing-1-bedroom-apartment-ensuite,2026-02-20
KPC,Kitisuru,Amazing 2 Bedroom Apartment Master Ensuite,KSh,https://kenyapropertycentre.com/for-sale/flats-apartments/nairobi/kitisuru/59853-amazing-2-bedroom-apartment-master-ensuite,2026-02-20
KPC,Kitisuru,Almost Complete 2 Bedroom Duplex All Ensuite Plus Cloakroom,KSh,https://kenyapropertycentre.com/for-sale/flats-apartments/nairobi/kitisuru/60299-almost-complete-2-bedroom-duplex-all-ensuite-plus-cloakroom,2026-02-20
KPC,Kitisuru,Stunning One Bedroom Ready For Occupation,KSh,https://kenyapropertycentre.com/for-sale/flats-apartments/nairobi/kitisuru/60416-stunning-one-bedroom-ready-for-occupation,2026-02-20
KPC,Kitisuru,4 Bedroom Townhouse In Kitisuru,KSh,https://kenyapropertycentre.com/for-sale/houses/townhouses/nairobi/kitisuru/60460-4-bedroom-townhouse-in-kitisuru,2026-02-20
KPC,Kitisuru,Luxurious 2 Bedrooms Apartment Master Ensuite,KSh,https://kenyapropertycentre.com/for-sale/flats-apartments/nairobi/kitisuru/60608-luxurious-2-bedrooms-apartment-master-ensuite,2026-02-20
KPC,Kitisuru,Luxurious 3 Bedroom Apartment Master Ensuite,KSh,https://kenyapropertycentre.com/for-sale/flats-apartments/nairobi/kitisuru/60609-luxurious-3-bedroom-apartment-master-ensuite,2026-02-20
KPC,Kitisuru,Amazing 1 Bedroom Apartment Ensuite,KSh,https://kenyapropertycentre.com/for-sale/flats-apartments/nairobi/kitisuru/60617-amazing-1-bedroom-apartment-ensuite,2026-02-20
KPC,Kitisuru,Amazing 2 Bedrooms Apartment Master Ensuite,KSh,https://kenyapropertycentre.com/for-sale/flats-apartments/nairobi/kitisuru/60618-amazing-2-bedrooms-apartment-master-ensuite,2026-02-20
KPC,Kitisuru,New 6 Bedrooms All Ensuite Ambassadorial Home With Pool,KSh,https://kenyapropertycentre.com/for-sale/houses/nairobi/kitisuru/60710-new-6-bedrooms-all-ensuite-ambassadorial-home-with-pool,2026-02-20
KPC,Nairobi West,Luxury 4 Bedrooms + Dsq Apartment,KSh,https://kenyapropertycentre.com/for-sale/flats-apartments/nairobi/nairobi-west/south-c/40758-luxury-4-bedrooms-dsq-apartment,2026-02-20
KPC,Nairobi West,Ready Units! 2 Bedroom Flat With 4 Swimming Pools,KSh,https://kenyapropertycentre.com/for-sale/flats-apartments/nairobi/nairobi-west/south-c/40766-ready-units-2-bedroom-flat-with-4-swimming-pools,2026-02-20
KPC,Nairobi West,Luxury 2 Bedroom Apartments With Excellent Amenities,$,https://kenyapropertycentre.com/for-sale/flats-apartments/nairobi/nairobi-west/south-c/40780-luxury-2-bedroom-apartments-with-excellent-amenities,2026-02-20
KPC,Nairobi West,4 Bedroom And Dsq,KSh,https://kenyapropertycentre.com/for-sale/flats-apartments/nairobi/nairobi-west/south-c/41068-4-bedroom-and-dsq,2026-02-20
KPC,Nairobi West,Modern 4 Bedrooms All Ensuite Maisonette + Dsq In Gated Community,KSh,https://kenyapropertycentre.com/for-sale/houses/nairobi/nairobi-west/south-c/47425-modern-4-bedrooms-all-ensuite-maisonette-dsq-in-gated-community,2026-02-20
KPC,Nairobi West,3 Bedrooms Old Maisonette,KSh,https://kenyapropertycentre.com/for-sale/houses/townhouses/nairobi/nairobi-west/48422-3-bedrooms-old-maisonette,2026-02-20
KPC,Nairobi West,Luxury 3 Bedroom With Stylish Modern Finishings,KSh,https://kenyapropertycentre.com/for-sale/flats-apartments/nairobi/nairobi-west/south-c/51752-luxury-3-bedroom-with-stylish-modern-finishings,2026-02-20
KPC,Nairobi West,Affordable 4 Bedroom Townhouse,KSh,https://kenyapropertycentre.com/for-sale/houses/townhouses/nairobi/nairobi-west/south-c/51844-affordable-4-bedroom-townhouse,2026-02-20
KPC,Nairobi West,4 Bedrooms All Ensuite + Dsq,KSh,https://kenyapropertycentre.com/for-sale/houses/nairobi/nairobi-west/south-c/54847-4-bedrooms-all-ensuite-dsq,2026-02-20
KPC,Nairobi West,Luxurious 1 Bedroom,KSh,https://kenyapropertycentre.com/for-sale/flats-apartments/nairobi/nairobi-west/55962-luxurious-1-bedroom,2026-02-20
KPC,Nairobi West,Luxurious 2 Bedrooms,KSh,https://kenyapropertycentre.com/for-sale/flats-apartments/nairobi/nairobi-west/55963-luxurious-2-bedrooms,2026-02-20
KPC,Nairobi West,3 Bedroom,KSh,https://kenyapropertycentre.com/for-sale/flats-apartments/nairobi/nairobi-west/south-c/57170-3-bedroom,2026-02-20
KPC,Nairobi West,Executive 3 Bedroom Apartment,KSh,https://kenyapropertycentre.com/for-sale/flats-apartments/nairobi/nairobi-west/south-c/57417-executive-3-bedroom-apartment,2026-02-20
KPC,Nairobi West,3 Bedrooms,KSh,https://kenyapropertycentre.com/for-sale/flats-apartments/nairobi/nairobi-west/south-c/57804-3-bedrooms,2026-02-20
KPC,Nairobi West,3 Bedroom Master En Suite,KSh,https://kenyapropertycentre.com/for-sale/houses/nairobi/nairobi-west/south-c/58006-3-bedroom-master-en-suite,2026-02-20
KPC,Nairobi West,4 Bederoom Townhouses,KSh,https://kenyapropertycentre.com/for-sale/houses/nairobi/nairobi-west/58010-4-bederoom-townhouses,2026-02-20
KPC,Nairobi West,Beautiful 2 Bedroom Master Ensuite Apartment In South C.,KSh,https://kenyapropertycentre.com/for-sale/flats-apartments/nairobi/nairobi-west/south-c/58324-beautiful-2-bedroom-master-ensuite-apartment-in-south-c,2026-02-20
KPC,Nairobi West,Elegant 3 Bedroom Master Ensuite Apartment In South C.,KSh,https://kenyapropertycentre.com/for-sale/flats-apartments/nairobi/nairobi-west/south-c/58325-elegant-3-bedroom-master-ensuite-apartment-in-south-c,2026-02-20
KPC,Nairobi West,Modern 3 Bedroom All En Suite Apartment,KSh,https://kenyapropertycentre.com/for-sale/flats-apartments/nairobi/nairobi-west/59733-modern-3-bedroom-all-en-suite-apartment,2026-02-20
KPC,Nairobi West,Elegant 3 Bedrooms Master Ensuite Apartment,KSh,https://kenyapropertycentre.com/for-sale/flats-apartments/nairobi/nairobi-west/south-c/60603-elegant-3-bedrooms-master-ensuite-apartment,2026-02-20
KPC,Madaraka,2 Bedroom Apartment (Reduced Price),KSh,https://kenyapropertycentre.com/for-sale/flats-apartments/nairobi/madaraka/52020-2-bedroom-apartment-reduced-price,2026-02-20
KPC,Madaraka,Deal; Lovely Modern 2 Bedrooms Apartment,KSh,https://kenyapropertycentre.com/for-sale/flats-apartments/nairobi/madaraka/18559-deal-lovely-modern-2-bedrooms-apartment,2026-02-20
KPC,Madaraka,Apartment,KSh,https://kenyapropertycentre.com/for-sale/flats-apartments/nairobi/madaraka/57136-apartment,2026-02-20
KPC,Nairobi South,"Four (4) Bedrooms, Three (3) Ensuite Townhouse In A Gated Community",KSh,https://kenyapropertycentre.com/for-sale/houses/semi-detached-duplexes/nairobi/nairobi-south/38832-four-4-bedrooms-three-3-ensuite-townhouse-in-a-gated-community,2026-02-20
KPC,Nairobi South,Three (3) Bedrooms Master Ensuite Maisonette With Staff Quarter,KSh,https://kenyapropertycentre.com/for-sale/houses/semi-detached-duplexes/nairobi/nairobi-south/41902-three-3-bedrooms-master-ensuite-maisonette-with-staff-quarter,2026-02-20
KPC,Nairobi South,Clean And Spacious Studio Apartments,KSh,https://kenyapropertycentre.com/for-sale/flats-apartments/self-contained/nairobi/nairobi-south/57453-clean-and-spacious-studio-apartments,2026-02-20
KPC,Nairobi South,2 Bedroom Apartment,KSh,https://kenyapropertycentre.com/for-sale/flats-apartments/nairobi/nairobi-south/37126-2-bedroom-apartment,2026-02-20
KPC,Nairobi South,Block Of Apartments,KSh,https://kenyapropertycentre.com/for-sale/flats-apartments/nairobi/nairobi-south/35508-block-of-apartments,2026-02-20
KPC,Nairobi South,Block Of 122 Studios/Bedsitters Aparments,KSh,https://kenyapropertycentre.com/for-sale/flats-apartments/self-contained/nairobi/nairobi-south/51821-block-of-122-studiosbedsitters-aparments,2026-02-20
KPC,Nairobi South,2 Bedroom Apartment,KSh,https://kenyapropertycentre.com/for-sale/flats-apartments/nairobi/nairobi-south/13546-2-bedroom-apartment,2026-02-20
KPC,Nairobi South,Luxurious Studio,KSh,https://kenyapropertycentre.com/for-sale/flats-apartments/self-contained/nairobi/nairobi-south/59994-luxurious-studio,2026-02-20
KPC,Parklands,4 Bedroom All En Suite Pent House Available,KSh,https://kenyapropertycentre.com/for-sale/houses/nairobi/parklands/56257-4-bedroom-all-en-suite-pent-house-available,2026-02-20
KPC,Parklands,Khalif Modern Suites,KSh,https://kenyapropertycentre.com/for-sale/flats-apartments/nairobi/parklands/57438-khalif-modern-suites,2026-02-20
KPC,Parklands,Luxury 2 Bedroom Apartment,KSh,https://kenyapropertycentre.com/for-sale/flats-apartments/nairobi/parklands/57490-luxury-2-bedroom-apartment,2026-02-20
KPC,Parklands,Spacious 4-Bedroom Home With Resort-Style Amenities,KSh,https://kenyapropertycentre.com/for-sale/flats-apartments/nairobi/parklands/57926-spacious-4-bedroom-home-with-resort-style-amenities,2026-02-20
KPC,Parklands,3-Bedroom Apartment,KSh,https://kenyapropertycentre.com/for-sale/flats-apartments/nairobi/parklands/58079-3-bedroom-apartment,2026-02-20
KPC,Parklands,4-Bedroom Apartment,KSh,https://kenyapropertycentre.com/for-sale/flats-apartments/nairobi/parklands/58080-4-bedroom-apartment,2026-02-20
KPC,Parklands,1 Bedroom Apartments,KSh,https://kenyapropertycentre.com/for-sale/flats-apartments/nairobi/parklands/58164-1-bedroom-apartments,2026-02-20
KPC,Parklands,New Modern 3 Bedrooms Apartment With Dsq,KSh,https://kenyapropertycentre.com/for-sale/flats-apartments/nairobi/parklands/58554-new-modern-3-bedrooms-apartment-with-dsq,2026-02-20
KPC,Parklands,New Modern 4 Bedrooms Apartment With Dsq,KSh,https://kenyapropertycentre.com/for-sale/flats-apartments/nairobi/parklands/58555-new-modern-4-bedrooms-apartment-with-dsq,2026-02-20
KPC,Parklands,Newly Built 5 Bedrooms Apartment With Dsq,KSh,https://kenyapropertycentre.com/for-sale/flats-apartments/nairobi/parklands/58556-newly-built-5-bedrooms-apartment-with-dsq,2026-02-20
KPC,Parklands,4 Bedroom Apartment,KSh,https://kenyapropertycentre.com/for-sale/flats-apartments/nairobi/parklands/59731-4-bedroom-apartment,2026-02-20
KPC,Parklands,"Luxury Duplex Living Modern Comfort, Security & Lifestyle Amenities",KSh,https://kenyapropertycentre.com/for-sale/flats-apartments/nairobi/parklands/59732-luxury-duplex-living-modern-comfort-security-lifestyle-amenities,2026-02-20
KPC,Parklands,Prime 0.5 Acre Plot,KSh,https://kenyapropertycentre.com/for-sale/land/residential-land/nairobi/parklands/59735-prime-05-acre-plot,2026-02-20
KPC,Parklands,Flat 0.13 Acre Redevelopment Plot In Parklands,KSh,https://kenyapropertycentre.com/for-sale/land/mixed-use-land/nairobi/parklands/60032-flat-013-acre-redevelopment-plot-in-parklands,2026-02-20
KPC,Parklands,4 Bedroom Plus Dsq Apartments,KSh,https://kenyapropertycentre.com/for-sale/flats-apartments/nairobi/parklands/60057-4-bedroom-plus-dsq-apartments,2026-02-20
KPC,Parklands,Grand 4 Bedroom Duplex Penthouse,KSh,https://kenyapropertycentre.com/for-sale/flats-apartments/nairobi/parklands/60265-grand-4-bedroom-duplex-penthouse,2026-02-20
KPC,Parklands,Luxury 1 Bedroom Apartments. Off Plan,KSh,https://kenyapropertycentre.com/for-sale/flats-apartments/nairobi/parklands/60285-luxury-1-bedroom-apartments-off-plan,2026-02-20
KPC,Parklands,Luxury 2 Bedroom Apartments. Off Plan,KSh,https://kenyapropertycentre.com/for-sale/flats-apartments/nairobi/parklands/60286-luxury-2-bedroom-apartments-off-plan,2026-02-20
KPC,Parklands,Luxury 4-Bedroom Apartment,KSh,https://kenyapropertycentre.com/for-sale/flats-apartments/nairobi/parklands/60680-luxury-4-bedroom-apartment,2026-02-20
KPC,Parklands,Modern 4 Bedrooms All En Suite Apartment With Dsq,KSh,https://kenyapropertycentre.com/for-sale/flats-apartments/nairobi/parklands/60982-modern-4-bedrooms-all-en-suite-apartment-with-dsq,2026-02-20
KPC,Ngara,Plot,KSh,https://kenyapropertycentre.com/for-sale/land/nairobi/ngara/15422-plot,2026-02-20
KPC,Ngara,3 Bedrooms,KSh,https://kenyapropertycentre.com/for-sale/flats-apartments/nairobi/ngara/25177-3-bedrooms,2026-02-20
KPC,Ngara,Prime Plot,KSh,https://kenyapropertycentre.com/for-sale/houses/block-of-flats/nairobi/ngara/26894-prime-plot,2026-02-20
KPC,Ngara,Great Investment.,KSh,https://kenyapropertycentre.com/for-sale/flats-apartments/nairobi/ngara/31859-great-investment,2026-02-20
KPC,Ngara,Commercial Property,KSh,https://kenyapropertycentre.com/for-sale/commercial/plaza-complex-mall/nairobi/ngara/32660-commercial-property,2026-02-20
KPC,Ngara,Luxurious Apartments,KSh,https://kenyapropertycentre.com/for-sale/flats-apartments/nairobi/ngara/33914-luxurious-apartments,2026-02-20
KPC,Ngara,Furnished 1 Bedroom Apartments,KSh,https://kenyapropertycentre.com/for-sale/flats-apartments/nairobi/ngara/43208-furnished-1-bedroom-apartments,2026-02-20
KPC,Ngara,Magnificient 4 Bedroom House In A Gated Community,KSh,https://kenyapropertycentre.com/for-sale/houses/detached-duplexes/nairobi/ngara/52399-magnificient-4-bedroom-house-in-a-gated-community,2026-02-20
KPC,Ngara,New Residential Apartments.,KSh,https://kenyapropertycentre.com/for-sale/flats-apartments/self-contained/nairobi/ngara/25881-new-residential-apartments,2026-02-20
KPC,Ngara,0.227 Acre Plot,KSh,https://kenyapropertycentre.com/for-sale/land/nairobi/ngara/29125-0227-acre-plot,2026-02-20
KPC,Ngara,Studio Bedroom,KSh,https://kenyapropertycentre.com/for-sale/flats-apartments/nairobi/ngara/32800-studio-bedroom,2026-02-20
KPC,Ngara,Luxurious Studio,KSh,https://kenyapropertycentre.com/for-sale/flats-apartments/nairobi/ngara/49269-luxurious-studio,2026-02-20
KPC,Ngara,Commercial Building,KSh,https://kenyapropertycentre.com/for-sale/commercial/nairobi/ngara/55617-commercial-building,2026-02-20
KPC,Ngara,Astana Residence,KSh,https://kenyapropertycentre.com/for-sale/flats-apartments/nairobi/ngara/57445-astana-residence,2026-02-20
KPC,Woodley,Prime Quarter Acre Land With 4 Bedrooms Bungalow,KSh,https://kenyapropertycentre.com/for-sale/land/nairobi/woodley/51539-prime-quarter-acre-land-with-4-bedrooms-bungalow,2026-02-20
KPC,Woodley,Prime Quarter Acre Land With 4 Bedrooms Bungalow,KSh,https://kenyapropertycentre.com/for-sale/land/nairobi/woodley/52089-prime-quarter-acre-land-with-4-bedrooms-bungalow,2026-02-20
KPC,Woodley,Affordable Housing Apartments,KSh,https://kenyapropertycentre.com/for-sale/flats-apartments/nairobi/woodley/57871-affordable-housing-apartments,2026-02-20
KPC,Woodley,3 Bedroom With A Dsq,KSh,https://kenyapropertycentre.com/for-sale/flats-apartments/nairobi/woodley/31029-3-bedroom-with-a-dsq,2026-02-20
KPC,Woodley,Affordable Apartments,KSh,https://kenyapropertycentre.com/for-sale/flats-apartments/nairobi/woodley/58773-affordable-apartments,2026-02-20
KPC,Woodley,300 Woodley Village Apartments,KSh,https://kenyapropertycentre.com/for-sale/flats-apartments/nairobi/woodley/58182-300-woodley-village-apartments,2026-02-20
KPC,Mountain View,Classic 4 Bedroom Detached Duplex,KSh,https://kenyapropertycentre.com/for-sale/houses/detached-duplexes/nairobi/mountain-view/47676-classic-4-bedroom-detached-duplex,2026-02-20
KPC,Mountain View,Spacious 3 Bedroom,KSh,https://kenyapropertycentre.com/for-sale/flats-apartments/nairobi/mountain-view/32721-spacious-3-bedroom,2026-02-20
KPC,Mountain View,Luxury 4 Bedrooms Plus Dsq In Nairobi Kenya,KSh,https://kenyapropertycentre.com/for-sale/houses/detached-duplexes/nairobi/mountain-view/60144-luxury-4-bedrooms-plus-dsq-in-nairobi-kenya,2026-02-20
KPC,Roysambu,3 Bedroom Apartment,KSh,https://kenyapropertycentre.com/for-sale/flats-apartments/nairobi/roysambu/44653-3-bedroom-apartment,2026-02-20
KPC,Roysambu,5 Bedrooms Plus Dsq,KSh,https://kenyapropertycentre.com/for-sale/houses/nairobi/roysambu/47003-5-bedrooms-plus-dsq,2026-02-20
KPC,Roysambu,Studio Apartment,KSh,https://kenyapropertycentre.com/for-sale/flats-apartments/nairobi/roysambu/44650-studio-apartment,2026-02-20
KPC,Roysambu,Real Estate Investment Apartment,KSh,https://kenyapropertycentre.com/for-sale/flats-apartments/nairobi/roysambu/51596-real-estate-investment-apartment,2026-02-20
KPC,Roysambu,An Amazing 1 Bedroom In A Cool Environment,KSh,https://kenyapropertycentre.com/for-sale/flats-apartments/nairobi/roysambu/57917-an-amazing-1-bedroom-in-a-cool-environment,2026-02-20
KPC,Roysambu,"Off-Plan Affordable Studio, 1 Bedroom Apartments",KSh,https://kenyapropertycentre.com/for-sale/flats-apartments/nairobi/roysambu/14444-off-plan-affordable-studio-1-bedroom-apartments,2026-02-20
KPC,Roysambu,1 Bedroom Duplex Apartments.,KSh,https://kenyapropertycentre.com/for-sale/flats-apartments/nairobi/roysambu/36578-1-bedroom-duplex-apartments,2026-02-20
KPC,Roysambu,4 Bedroom House In A Gated Community,KSh,https://kenyapropertycentre.com/for-sale/houses/townhouses/nairobi/roysambu/47850-4-bedroom-house-in-a-gated-community,2026-02-20
KPC,Roysambu,2 Bedrooms Apartment,KSh,https://kenyapropertycentre.com/for-sale/flats-apartments/nairobi/roysambu/44994-2-bedrooms-apartment,2026-02-20
KPC,Roysambu,Luxurious 1 Bedroom,KSh,https://kenyapropertycentre.com/for-sale/flats-apartments/nairobi/roysambu/51255-luxurious-1-bedroom,2026-02-20
KPC,Roysambu,Luxurious 2 Bedroom,KSh,https://kenyapropertycentre.com/for-sale/flats-apartments/nairobi/roysambu/51256-luxurious-2-bedroom,2026-02-20
KPC,Roysambu,Luxurious 3 Bedroom,KSh,https://kenyapropertycentre.com/for-sale/flats-apartments/nairobi/roysambu/51257-luxurious-3-bedroom,2026-02-20
KPC,Roysambu,One Bedroom Apartment Worthy Your Investment,KSh,https://kenyapropertycentre.com/for-sale/flats-apartments/nairobi/roysambu/51776-one-bedroom-apartment-worthy-your-investment,2026-02-20
KPC,Roysambu,Luxurious 2 Bedrooms Apartments,KSh,https://kenyapropertycentre.com/for-sale/flats-apartments/nairobi/roysambu/54840-luxurious-2-bedrooms-apartments,2026-02-20
KPC,Roysambu,Secure & Peaceful Living Environment 4 Bedrooms,KSh,https://kenyapropertycentre.com/for-sale/flats-apartments/nairobi/roysambu/54844-secure-peaceful-living-environment-4-bedrooms,2026-02-20
KPC,Roysambu,Affordable Studio & 1-Bedroom Apartments With High Roi,KSh,https://kenyapropertycentre.com/for-sale/flats-apartments/nairobi/roysambu/57732-affordable-studio-1-bedroom-apartments-with-high-roi,2026-02-20
KPC,Roysambu,Apartments At Garden Estate,KSh,https://kenyapropertycentre.com/for-sale/flats-apartments/self-contained/nairobi/roysambu/59071-apartments-at-garden-estate,2026-02-20
KPC,Roysambu,Studio Bedroom Apartments,KSh,https://kenyapropertycentre.com/for-sale/flats-apartments/self-contained/nairobi/roysambu/59244-studio-bedroom-apartments,2026-02-20
KPC,Roysambu,4 Bedroom House Plus Dsq,KSh,https://kenyapropertycentre.com/for-sale/houses/nairobi/roysambu/60259-4-bedroom-house-plus-dsq,2026-02-20
KPC,Kasarani,0.28 Acre Of Land,KSh,https://kenyapropertycentre.com/for-sale/land/residential-land/nairobi/kasarani/49398-028-acre-of-land,2026-02-20
KPC,Kasarani,Spacious Studio,KSh,https://kenyapropertycentre.com/for-sale/flats-apartments/nairobi/kasarani/52209-spacious-studio,2026-02-20
KPC,Kasarani,Spacious 1 Bedroom,KSh,https://kenyapropertycentre.com/for-sale/flats-apartments/nairobi/kasarani/52210-spacious-1-bedroom,2026-02-20
KPC,Kasarani,A Prime 6.5 Acres In A Cool Environment,KSh,https://kenyapropertycentre.com/for-sale/land/nairobi/kasarani/57929-a-prime-65-acres-in-a-cool-environment,2026-02-20
KPC,Kasarani,Prime Commercial Property,KSh,https://kenyapropertycentre.com/for-sale/land/commercial-land/nairobi/kasarani/59888-prime-commercial-property,2026-02-20
KPC,Kasarani,Luxurious Studio 1 & 2 Bedroom,KSh,https://kenyapropertycentre.com/for-sale/flats-apartments/nairobi/kasarani/33865-luxurious-studio-1-2-bedroom,2026-02-20
KPC,Kasarani,Luxurious 2 Bedroom Apartment,KSh,https://kenyapropertycentre.com/for-sale/flats-apartments/nairobi/kasarani/34710-luxurious-2-bedroom-apartment,2026-02-20
KPC,Kasarani,Hotel,KSh,https://kenyapropertycentre.com/for-sale/commercial/nairobi/kasarani/36427-hotel,2026-02-20
KPC,Kasarani,Epic Bedsitters,KSh,https://kenyapropertycentre.com/for-sale/flats-apartments/nairobi/kasarani/55605-epic-bedsitters,2026-02-20
KPC,Kasarani,Land,KSh,https://kenyapropertycentre.com/for-sale/land/nairobi/kasarani/55954-land,2026-02-20
KPC,Kasarani,Safari Pride Apartments,KSh,https://kenyapropertycentre.com/for-sale/flats-apartments/nairobi/kasarani/56060-safari-pride-apartments,2026-02-20
KPC,Kasarani,Ikhaya Sunrise Aptartment,KSh,https://kenyapropertycentre.com/for-sale/flats-apartments/nairobi/kasarani/57406-ikhaya-sunrise-aptartment,2026-02-20
KPC,Kasarani,1 Bedroom Apartment,KSh,https://kenyapropertycentre.com/for-sale/flats-apartments/nairobi/kasarani/57476-1-bedroom-apartment,2026-02-20
KPC,Kasarani,3 Bedroom Plus Dsq Bangalow,KSh,https://kenyapropertycentre.com/for-sale/houses/semi-detached-bungalows/nairobi/kasarani/61004-3-bedroom-plus-dsq-bangalow,2026-02-20
KPC,Embakasi,Three Bedroom,KSh,https://kenyapropertycentre.com/for-sale/flats-apartments/nairobi/embakasi/42321-three-bedroom,2026-02-20
KPC,Embakasi,"21,000 Sq Ft Standalone Warehouse",KSh,https://kenyapropertycentre.com/for-sale/commercial/warehouses/nairobi/embakasi/industrial-area/42650-21000-sq-ft-standalone-warehouse,2026-02-20
KPC,Embakasi,Three Bedrooms Plus Dsq Townhouses,KSh,https://kenyapropertycentre.com/for-sale/houses/townhouses/nairobi/embakasi/47294-three-bedrooms-plus-dsq-townhouses,2026-02-20
KPC,Embakasi,2.66 Acre Plot,KSh,https://kenyapropertycentre.com/for-sale/land/industrial-land/nairobi/embakasi/industrial-area/48819-266-acre-plot,2026-02-20
KPC,Embakasi,Smart Investment Opportunity Warehouse,KSh,https://kenyapropertycentre.com/for-sale/commercial/warehouses/nairobi/embakasi/industrial-area/52123-smart-investment-opportunity-warehouse,2026-02-20
KPC,Embakasi,3 Bedroom Extension House,KSh,https://kenyapropertycentre.com/for-sale/houses/nairobi/embakasi/55247-3-bedroom-extension-house,2026-02-20
KPC,Embakasi,4-Bedroom All-Ensuite Home,KSh,https://kenyapropertycentre.com/for-sale/houses/nairobi/embakasi/60003-4-bedroom-all-ensuite-home,2026-02-20
KPC,Embakasi,Spacious Well Maintained 3 Bedroom Apartment,KSh,https://kenyapropertycentre.com/for-sale/flats-apartments/nairobi/embakasi/18144-spacious-well-maintained-3-bedroom-apartment,2026-02-20
KPC,Embakasi,4.5 Acres Of Land For Commercial/Industrial Development,KSh,https://kenyapropertycentre.com/for-sale/land/nairobi/embakasi/30739-45-acres-of-land-for-commercialindustrial-development,2026-02-20
KPC,Embakasi,Twin 3 Bedroom Houses,KSh,https://kenyapropertycentre.com/for-sale/houses/nairobi/embakasi/33850-twin-3-bedroom-houses,2026-02-20
KPC,Embakasi,3-Bedroom Apartment,KSh,https://kenyapropertycentre.com/for-sale/flats-apartments/nairobi/embakasi/38555-3-bedroom-apartment,2026-02-20
KPC,Embakasi,Quick Deal; Furnished Studio Apartment,KSh,https://kenyapropertycentre.com/for-sale/flats-apartments/nairobi/embakasi/39470-quick-deal-furnished-studio-apartment,2026-02-20
KPC,Embakasi,Godown Available With An Operational Dry Cleaning Business And Machine,KSh,https://kenyapropertycentre.com/for-sale/commercial/factories/nairobi/embakasi/industrial-area/39672-godown-available-with-an-operational-dry-cleaning-business-and-machine,2026-02-20
KPC,Embakasi,Spacious 3 Bedrooms Master Ensuite Apartment,KSh,https://kenyapropertycentre.com/for-sale/flats-apartments/nairobi/embakasi/41790-spacious-3-bedrooms-master-ensuite-apartment,2026-02-20
KPC,Embakasi,3 Bedroom Master Ensuite Maisonette,KSh,https://kenyapropertycentre.com/for-sale/houses/semi-detached-duplexes/nairobi/embakasi/44061-3-bedroom-master-ensuite-maisonette,2026-02-20
KPC,Embakasi,"Fully Furnished King 1 Bedroom -- 53sqm, 5 Minutes To Jkia Dg",KSh,https://kenyapropertycentre.com/for-sale/flats-apartments/nairobi/embakasi/46938-fully-furnished-king-1-bedroom-53sqm-5-minutes-to-jkia-dg,2026-02-20
KPC,Embakasi,4 Bedroom Villas Where Elegance Meets Luxury,KSh,https://kenyapropertycentre.com/for-sale/houses/nairobi/embakasi/54035-4-bedroom-villas-where-elegance-meets-luxury,2026-02-20
KPC,Embakasi,3 Bedrooms Ensuite Apartment,KSh,https://kenyapropertycentre.com/for-sale/flats-apartments/nairobi/embakasi/56914-3-bedrooms-ensuite-apartment,2026-02-20
KPC,Embakasi,"24,000 Sq Ft Warehouse On Half Acre",KSh,https://kenyapropertycentre.com/for-sale/commercial/warehouses/nairobi/embakasi/industrial-area/57753-24000-sq-ft-warehouse-on-half-acre,2026-02-20
KPC,Embakasi,Spacious 3 Bedroom Units,KSh,https://kenyapropertycentre.com/for-sale/houses/nairobi/embakasi/57961-spacious-3-bedroom-units,2026-02-20
KPC,Imara Daima,Three Bedroom,KSh,https://kenyapropertycentre.com/for-sale/flats-apartments/nairobi/imara-daima/48888-three-bedroom,2026-02-20
KPC,Imara Daima,Keza Luxurious Urban Oasis Apartments,KSh,https://kenyapropertycentre.com/for-sale/flats-apartments/nairobi/imara-daima/54048-keza-luxurious-urban-oasis-apartments,2026-02-20
KPC,Imara Daima,High-Return Commercial Property Investment,KSh,https://kenyapropertycentre.com/for-sale/commercial/warehouses/nairobi/imara-daima/54018-high-return-commercial-property-investment,2026-02-20
KPC,Nyayo Estate,Three (3) Bedroom Apartment On Ground Floor,KSh,https://kenyapropertycentre.com/for-sale/flats-apartments/nairobi/embakasi/40683-three-3-bedroom-apartment-on-ground-floor,2026-02-20
KPC,Ruai,Prime Commercial Property,KSh,https://kenyapropertycentre.com/for-sale/land/commercial-land/nairobi/ruai/59993-prime-commercial-property,2026-02-20
KPC,Ruai,Prime Plot,KSh,https://kenyapropertycentre.com/for-sale/land/mixed-use-land/nairobi/ruai/59891-prime-plot,2026-02-20
KPC,Ruai,Limited 3 Bedroom All Ensuite In A Gated Community (Offplan),KSh,https://kenyapropertycentre.com/for-sale/houses/nairobi/ruai/30807-limited-3-bedroom-all-ensuite-in-a-gated-community-offplan,2026-02-20
KPC,Ruai,Luxurious Bungalow House,KSh,https://kenyapropertycentre.com/for-sale/houses/terraced-bungalows/nairobi/ruai/59796-luxurious-bungalow-house,2026-02-20
KPC,Ruai,3 Bedrooms House On Half An Acre,KSh,https://kenyapropertycentre.com/for-sale/houses/detached-bungalows/nairobi/ruai/59893-3-bedrooms-house-on-half-an-acre,2026-02-20
KPC,Ruai,Prime 1/4 Acre Plot,KSh,https://kenyapropertycentre.com/for-sale/land/nairobi/ruai/31834-prime-14-acre-plot,2026-02-20
KPC,Ruai,Prime Residential 50 X 100 Plot,KSh,https://kenyapropertycentre.com/for-sale/land/nairobi/ruai/52691-prime-residential-50-x-100-plot,2026-02-20
KPC,Ruai,Prime Land,KSh,https://kenyapropertycentre.com/for-sale/land/mixed-use-land/nairobi/ruai/59706-prime-land,2026-02-20
KPC,Ruai,Prime 100 By 100 Plot,KSh,https://kenyapropertycentre.com/for-sale/land/nairobi/ruai/30276-prime-100-by-100-plot,2026-02-20
KPC,Ruai,Luxury 3 Bedroom All Ensuite In A Gated Community,KSh,https://kenyapropertycentre.com/for-sale/houses/nairobi/ruai/27601-luxury-3-bedroom-all-ensuite-in-a-gated-community,2026-02-20
KPC,Ruai,Modern 3 Bedroom All Ensuite,KSh,https://kenyapropertycentre.com/for-sale/houses/nairobi/ruai/28368-modern-3-bedroom-all-ensuite,2026-02-20
KPC,Githurai,Prime 38 Acres For Commercial And Residential Development,KSh,https://kenyapropertycentre.com/for-sale/commercial/plaza-complex-mall/nairobi/githurai/githurai-45/49303-prime-38-acres-for-commercial-and-residential-development,2026-02-20
KPC,Githurai,Prime Plot,KSh,https://kenyapropertycentre.com/for-sale/land/commercial-land/nairobi/githurai/59794-prime-plot,2026-02-20
KPC,Garden Estate,Elegant 5-Bedroom Luxury Home With Private Pool,KSh,https://kenyapropertycentre.com/for-sale/houses/nairobi/muthaiga/muthaiga-north/57437-elegant-5-bedroom-luxury-home-with-private-pool,2026-02-20
KPC,Garden Estate,Elegant 4 Bedrooms Home,KSh,https://kenyapropertycentre.com/for-sale/houses/nairobi/westlands/runda/59267-elegant-4-bedrooms-home,2026-02-20
KPC,Garden Estate,4 Acres Of Land For Development,KSh,https://kenyapropertycentre.com/for-sale/land/residential-land/nairobi/thindigua/50427-4-acres-of-land-for-development,2026-02-20
KPC,Garden Estate,0.5-Acre Plot For Development,KSh,https://kenyapropertycentre.com/for-sale/land/residential-land/nairobi/thindigua/51466-05-acre-plot-for-development,2026-02-20
KPC,Garden Estate,Spacious 2 Bedroom Apartment,$,https://kenyapropertycentre.com/for-sale/flats-apartments/nairobi/parklands/31511-spacious-2-bedroom-apartment,2026-02-20
KPC,Garden Estate,Magnificent 5 Bedroom House All Ensuite Dsq On Half Acre,KSh,https://kenyapropertycentre.com/for-sale/houses/nairobi/nairobi-central/53304-magnificent-5-bedroom-house-all-ensuite-dsq-on-half-acre,2026-02-20
KPC,Garden Estate,Amazing 4 Bedroom House All Ensuite On Quarter Acre,KSh,https://kenyapropertycentre.com/for-sale/houses/nairobi/nairobi-central/53638-amazing-4-bedroom-house-all-ensuite-on-quarter-acre,2026-02-20
KPC,Garden Estate,Magnificent 5 Bedroom House All Ensuite Dsq On Half Acre,KSh,https://kenyapropertycentre.com/for-sale/houses/nairobi/nairobi-central/53641-magnificent-5-bedroom-house-all-ensuite-dsq-on-half-acre,2026-02-20
KPC,Garden Estate,Magnificent 5 Bedroom House All Ensuite Dsq On Half Acre.,KSh,https://kenyapropertycentre.com/for-sale/houses/nairobi/nairobi-central/54283-magnificent-5-bedroom-house-all-ensuite-dsq-on-half-acre,2026-02-20
KPC,Garden Estate,Amazing 5 Bedroom House All Ensuite Dsq On Half Acre In Garden Estate.,KSh,https://kenyapropertycentre.com/for-sale/houses/nairobi/nairobi-central/58657-amazing-5-bedroom-house-all-ensuite-dsq-on-half-acre-in-garden-estate,2026-02-20
KPC,Garden Estate,Amazing 5 Bedroom House All Ensuite Dsq On Half Acre.,KSh,https://kenyapropertycentre.com/for-sale/houses/nairobi/nairobi-central/58890-amazing-5-bedroom-house-all-ensuite-dsq-on-half-acre,2026-02-20
KPC,Garden Estate,Amazing 4 Bedroom House All Ensuite On Quarter Acre In Garden Estate.,KSh,https://kenyapropertycentre.com/for-sale/houses/nairobi/nairobi-central/58898-amazing-4-bedroom-house-all-ensuite-on-quarter-acre-in-garden-estate,2026-02-20
KPC,Garden Estate,Amazing 4 Bedroom House All Ensuite On Quarter Acre,KSh,https://kenyapropertycentre.com/for-sale/houses/nairobi/nairobi-central/60722-amazing-4-bedroom-house-all-ensuite-on-quarter-acre,2026-02-20
KPC,Kahawa West,Income Generating Accommodation Rooms & Bar.,KSh,https://kenyapropertycentre.com/for-sale/commercial/nairobi/kahawa-west/55026-income-generating-accommodation-rooms-bar,2026-02-20
KPC,Kahawa West,Elegant Urban Living; 2-Bedroom Apartments,KSh,https://kenyapropertycentre.com/for-sale/flats-apartments/nairobi/kahawa-west/56406-elegant-urban-living-2-bedroom-apartments,2026-02-20
KPC,Kahawa West,Income Generating Block Of Flat,KSh,https://kenyapropertycentre.com/for-sale/commercial/nairobi/kahawa-west/58840-income-generating-block-of-flat,2026-02-20
KPC,Kahawa West,Income Generating Block Of Flat,KSh,https://kenyapropertycentre.com/for-sale/commercial/nairobi/kahawa-west/60638-income-generating-block-of-flat,2026-02-20
KPC,Kahawa West,Superlative 2 Bedroom,KSh,https://kenyapropertycentre.com/for-sale/flats-apartments/nairobi/kahawa-west/34315-superlative-2-bedroom,2026-02-20
KPC,Kahawa West,Luxurious 3 Bedrooms,KSh,https://kenyapropertycentre.com/for-sale/flats-apartments/nairobi/kahawa-west/55964-luxurious-3-bedrooms,2026-02-20
KPC,Kahawa West,Income Generating Block Of Flats,KSh,https://kenyapropertycentre.com/for-sale/commercial/nairobi/kahawa-west/58359-income-generating-block-of-flats,2026-02-20
KPC,Kahawa West,4 Bedroom Apartment With Dsq,KSh,https://kenyapropertycentre.com/for-sale/flats-apartments/nairobi/kahawa-west/60554-4-bedroom-apartment-with-dsq,2026-02-20
KPC,Kahawa North,Off Plan Project.,KSh,https://kenyapropertycentre.com/for-sale/flats-apartments/nairobi/kahawa-north/51423-off-plan-project,2026-02-20
KPC,Riruta,Prime Plot,KSh,https://kenyapropertycentre.com/for-sale/land/mixed-use-land/nairobi/riruta/60292-prime-plot,2026-02-20
KPC,Riruta,2 Bedroom Apartments,KSh,https://kenyapropertycentre.com/for-sale/flats-apartments/nairobi/riruta/60097-2-bedroom-apartments,2026-02-20
KPC,Riruta,Three Bedroom Apartments,KSh,https://kenyapropertycentre.com/for-sale/flats-apartments/nairobi/riruta/57465-three-bedroom-apartments,2026-02-20
KPC,Riruta,Studio Apartments Near The Junction Mall,KSh,https://kenyapropertycentre.com/for-sale/flats-apartments/self-contained/nairobi/riruta/55579-studio-apartments-near-the-junction-mall,2026-02-20
KPC,Riruta,Studio Apartments,KSh,https://kenyapropertycentre.com/for-sale/flats-apartments/self-contained/nairobi/riruta/55569-studio-apartments,2026-02-20
KPC,Riruta,Two Bedroom Apartments Near The Junction Mall,KSh,https://kenyapropertycentre.com/for-sale/flats-apartments/nairobi/riruta/54736-two-bedroom-apartments-near-the-junction-mall,2026-02-20
KPC,Riruta,Affordable One Bedroom Apartments,KSh,https://kenyapropertycentre.com/for-sale/flats-apartments/nairobi/riruta/54735-affordable-one-bedroom-apartments,2026-02-20
KPC,Riruta,Studio Apartments,KSh,https://kenyapropertycentre.com/for-sale/flats-apartments/self-contained/nairobi/riruta/54734-studio-apartments,2026-02-20
KPC,Riruta,2 Bedrooms,KSh,https://kenyapropertycentre.com/for-sale/flats-apartments/nairobi/riruta/52586-2-bedrooms,2026-02-20
KPC,Riruta,1 Bedroom,KSh,https://kenyapropertycentre.com/for-sale/flats-apartments/nairobi/riruta/52585-1-bedroom,2026-02-20
KPC,Riruta,Studio Apartments,KSh,https://kenyapropertycentre.com/for-sale/flats-apartments/nairobi/riruta/52584-studio-apartments,2026-02-20
KPC,Riruta,Spacious 2 Bedrooms All Ensuite Apartments,KSh,https://kenyapropertycentre.com/for-sale/flats-apartments/nairobi/riruta/42187-spacious-2-bedrooms-all-ensuite-apartments,2026-02-20
KPC,Riruta,Luxurious Studios,KSh,https://kenyapropertycentre.com/for-sale/flats-apartments/nairobi/riruta/41326-luxurious-studios,2026-02-20
KPC,Riruta,Furnished Studio Apartment,KSh,https://kenyapropertycentre.com/for-sale/flats-apartments/nairobi/riruta/34879-furnished-studio-apartment,2026-02-20
KPC,Riruta,Studio Apartment - Ready Tenants,KSh,https://kenyapropertycentre.com/for-sale/flats-apartments/self-contained/nairobi/riruta/47881-studio-apartment-ready-tenants,2026-02-20
KPC,Riruta,"Apartments Near The Junction Mall: Studios, One & Two Bedrooms",KSh,https://kenyapropertycentre.com/for-sale/flats-apartments/self-contained/nairobi/riruta/47365-apartments-near-the-junction-mall-studios-one-two-bedrooms,2026-02-20
KPC,Riruta,Studio Apartments,KSh,https://kenyapropertycentre.com/for-sale/flats-apartments/nairobi/riruta/47318-studio-apartments,2026-02-20
KPC,Riruta,Studio Apartments,KSh,https://kenyapropertycentre.com/for-sale/flats-apartments/self-contained/nairobi/riruta/42279-studio-apartments,2026-02-20
KPC,Riruta,Studio Apartment,KSh,https://kenyapropertycentre.com/for-sale/flats-apartments/nairobi/riruta/36374-studio-apartment,2026-02-20
KPC,Riruta Satellite,Studio Bedroom,KSh,https://kenyapropertycentre.com/for-sale/flats-apartments/nairobi/riruta-satellite/29366-studio-bedroom,2026-02-20
KPC,Riruta Satellite,Luxurious Studio Bedroom,KSh,https://kenyapropertycentre.com/for-sale/flats-apartments/nairobi/riruta-satellite/31282-luxurious-studio-bedroom,2026-02-20
KPC,Riruta Satellite,Prime 100 By 100 Ft Square Shaped Plot,KSh,https://kenyapropertycentre.com/for-sale/land/residential-land/nairobi/riruta-satellite/51395-prime-100-by-100-ft-square-shaped-plot,2026-02-20
KPC,Riruta Satellite,"2 Bedrooms, Master En-Suite",KSh,https://kenyapropertycentre.com/for-sale/flats-apartments/nairobi/riruta-satellite/54725-2-bedrooms-master-en-suite,2026-02-20
KPC,Riruta Satellite,Affordable Apartments,KSh,https://kenyapropertycentre.com/for-sale/flats-apartments/self-contained/nairobi/riruta-satellite/58160-affordable-apartments,2026-02-20
KPC,Nairobi Central,Elegant 4 Bedrooms Duplexes & Triplexes,KSh,https://kenyapropertycentre.com/for-sale/houses/nairobi/nairobi-central/59831-elegant-4-bedrooms-duplexes-triplexes,2026-02-20
KPC,Nairobi Central,"4-Bedroom Duplex, Flat Roof, All Ensuite With Dsq",KSh,https://kenyapropertycentre.com/for-sale/houses/nairobi/nairobi-central/59975-4-bedroom-duplex-flat-roof-all-ensuite-with-dsq,2026-02-20
KPC,Nairobi Central,New 2 Bedroom All Ensuite Duplex Apartments With Balcony,KSh,https://kenyapropertycentre.com/for-sale/flats-apartments/nairobi/nairobi-central/60351-new-2-bedroom-all-ensuite-duplex-apartments-with-balcony,2026-02-20
KPC,Nairobi Central,New 2 Bedrooms All Ensuite Apartment With Balcony,KSh,https://kenyapropertycentre.com/for-sale/flats-apartments/nairobi/nairobi-central/60353-new-2-bedrooms-all-ensuite-apartment-with-balcony,2026-02-20
KPC,Nairobi Central,1 Bedroom,$,https://kenyapropertycentre.com/for-sale/commercial/hotels-guest-houses/nairobi/nairobi-central/60377-1-bedroom,2026-02-20
KPC,Nairobi Central,Spacious 3-Bedroom Apartment With National Park Views,KSh,https://kenyapropertycentre.com/for-sale/flats-apartments/nairobi/nairobi-central/60497-spacious-3-bedroom-apartment-with-national-park-views,2026-02-20
KPC,Nairobi Central,New 2 Bedrooms All Ensuite Apartments With Balcony,KSh,https://kenyapropertycentre.com/for-sale/flats-apartments/nairobi/nairobi-central/60598-new-2-bedrooms-all-ensuite-apartments-with-balcony,2026-02-20
KPC,Nairobi Central,"Ready 3 Bedrooms, 2 Ensuite Duplex With Balcony",KSh,https://kenyapropertycentre.com/for-sale/flats-apartments/nairobi/nairobi-central/60599-ready-3-bedrooms-2-ensuite-duplex-with-balcony,2026-02-20
KPC,Nairobi Central,Income Generating Commercial Building,KSh,https://kenyapropertycentre.com/for-sale/commercial/nairobi/nairobi-central/60622-income-generating-commercial-building,2026-02-20
KPC,Nairobi Central,World Class Luxurious Hotel On 2.98acres,KSh,https://kenyapropertycentre.com/for-sale/commercial/nairobi/nairobi-central/60623-world-class-luxurious-hotel-on-298acres,2026-02-20
KPC,Nairobi Central,Luxurious 5 Star Hotel And Suite,KSh,https://kenyapropertycentre.com/for-sale/commercial/nairobi/nairobi-central/60626-luxurious-5-star-hotel-and-suite,2026-02-20
KPC,Nairobi Central,Income Generating Commercial Building,KSh,https://kenyapropertycentre.com/for-sale/commercial/nairobi/nairobi-central/60629-income-generating-commercial-building,2026-02-20
KPC,Nairobi Central,Income Generating Commercial Building On 0.55acres,KSh,https://kenyapropertycentre.com/for-sale/commercial/nairobi/nairobi-central/60631-income-generating-commercial-building-on-055acres,2026-02-20
KPC,Nairobi Central,Income Generating Blocks Of Apartments On 1.1acre,KSh,https://kenyapropertycentre.com/for-sale/commercial/nairobi/nairobi-central/60645-income-generating-blocks-of-apartments-on-11acre,2026-02-20
KPC,Nairobi Central,Income Generating Block Of Apartments On Half Acre,KSh,https://kenyapropertycentre.com/for-sale/commercial/nairobi/nairobi-central/60648-income-generating-block-of-apartments-on-half-acre,2026-02-20
KPC,Nairobi Central,Magnificent 5 Bedroom House All Ensuite Dsq On Half Acre,KSh,https://kenyapropertycentre.com/for-sale/houses/nairobi/nairobi-central/60718-magnificent-5-bedroom-house-all-ensuite-dsq-on-half-acre,2026-02-20
KPC,Nairobi Central,Luxurious 4 Bedrooms Villas All Ensuite With Dsq,KSh,https://kenyapropertycentre.com/for-sale/houses/nairobi/nairobi-central/60732-luxurious-4-bedrooms-villas-all-ensuite-with-dsq,2026-02-20
KPC,Nairobi Central,Luxurious 4 Bedroom Villas All Ensuite With Dsq,KSh,https://kenyapropertycentre.com/for-sale/houses/nairobi/nairobi-central/60733-luxurious-4-bedroom-villas-all-ensuite-with-dsq,2026-02-20
KPC,Nairobi Central,Ready For Occupation.,KSh,https://kenyapropertycentre.com/for-sale/flats-apartments/nairobi/nairobi-central/60871-ready-for-occupation,2026-02-20
KPC,Eastleigh North,Prime Plot,KSh,https://kenyapropertycentre.com/for-sale/land/mixed-use-land/nairobi/eastleigh-north/54854-prime-plot,2026-02-20
KPC,Eastleigh North,Dg Jkia - Gateway Luxury Apartment,$,https://kenyapropertycentre.com/for-sale/commercial/nairobi/eastleigh-north/55898-dg-jkia-gateway-luxury-apartment,2026-02-20
KPC,Eastleigh North,Luxurious 2 Bedroom,$,https://kenyapropertycentre.com/for-sale/flats-apartments/nairobi/eastleigh-north/31469-luxurious-2-bedroom,2026-02-20
KPC,Eastleigh South,Modern 6 Bedrooms House,KSh,https://kenyapropertycentre.com/for-sale/houses/nairobi/eastleigh-south/55562-modern-6-bedrooms-house,2026-02-20
KPC,Airbase,Modern 4 Bedroom Townhouses,KSh,https://kenyapropertycentre.com/for-sale/houses/nairobi/airbase/56361-modern-4-bedroom-townhouses,2026-02-20
KPC,Makadara,Prime 1 Acre Plot,KSh,https://kenyapropertycentre.com/for-sale/land/residential-land/nairobi/makadara/47153-prime-1-acre-plot,2026-02-20
KPC,Makadara,5.88-Acres Of Land For Development,KSh,https://kenyapropertycentre.com/for-sale/land/nairobi/makadara/31365-588-acres-of-land-for-development,2026-02-20
KPC,Makadara,Sycamore Court-Luxury 2 Bedroom Flat,KSh,https://kenyapropertycentre.com/for-sale/flats-apartments/nairobi/makadara/south-b/43900-sycamore-court-luxury-2-bedroom-flat,2026-02-20
KPC,Komarock,Koma Plots,KSh,https://kenyapropertycentre.com/for-sale/land/residential-land/nairobi/komarock/60324-koma-plots,2026-02-20
KPC,Komarock,3 Bedrooms Apartments.,KSh,https://kenyapropertycentre.com/for-sale/flats-apartments/nairobi/komarock/24105-3-bedrooms-apartments,2026-02-20
KPC,Ngando,Luxury 3 Bedrooms House,KSh,https://kenyapropertycentre.com/for-sale/flats-apartments/nairobi/ngando/59815-luxury-3-bedrooms-house,2026-02-20
